{"cameraMode":{"drawMode":0,"name":"Shaded","section":"Shading Mode"},"sceneLighting":true,"audioPlay":false,"sceneViewState":{"showFog":true,"showMaterialUpdate":false,"showSkybox":true,"showFlares":true,"showImageEffects":true,"showParticleSystems":true},"in2DMode":false,"pivot":{"x":603.2670288085938,"y":670.1563720703125,"z":406.77978515625},"rotation":{"x":-0.01619013398885727,"y":0.002995188580825925,"z":0.00004815991269424558,"w":0.999869167804718},"size":770.52392578125,"orthographic":false}